id,brand_name,manufacturer,ingredients,health_canada_regulatory_activity,health_canada_regulatory_decision,health_canada_regulatory_decision_date,health_canada_public_release_date
268518,AFLURIA TETRA,SEQIRUS PTY LTD,HAEMAGGLUTININ-STRAIN A (H1N1)|HAEMAGGLUTININ-STRAIN A (H3N2)|HAEMAGGLUTININ-STRAIN B (VICTORIA)|HAEMAGGLUTININ-STRAIN B (YAMAGATA),SNDS,NOC,2023-06-26,2023-09-29
263476,XTANDI,ASTELLAS PHARMA CANADA INC,ENZALUTAMIDE,SNDS,NOC,2023-03-14,2023-09-29
263702,IMBRUVICA,JANSSEN INC,IBRUTINIB,SNDS,NOC,2023-03-20,2023-09-22
262687,SPINRAZA,BIOGEN CANADA INC,NUSINERSEN SODIUM,SNDS,NOC,2023-05-24,2023-09-22
258009,TRUMENBA,PFIZER CANADA ULC,NEISSERIA MENINGITIDIS GRP B RECOMBINANT LIPOPROTEIN 2086 SUBFAMILY A|NEISSERIA MENINGITIDIS GRP B RECOMBINANT LIPOPROTEIN 2086 SUBFAMILY B,SNDS,NOC,2022-10-11,2023-09-19
265517,COLUMVI,HOFFMANN-LA ROCHE LIMITED,GLOFITAMAB,NDS-NAS,NOC,2023-03-24,2023-09-15
258973,VEGZELMA,CELLTRION HEALTHCARE CO LTD,BEVACIZUMAB,NDS,NOC,2023-01-03,2023-09-15
247702,RINVOQ,ABBVIE CORPORATION,UPADACITINIB,SNDS,NOC,2022-07-13,2023-09-15
72322,PROPECIA,ORGANON CANADA INC.,FINASTERIDE,SNDS,NOC,2002-12-24,2023-09-15
52508,PEDIACEL,SANOFI PASTEUR LIMITED,PERTUSSIS TOXOID|FILAMENTOUS HAEMAGGLUTININ|FIMBRIAE|PERTACTIN|DIPHTHERIA TOXOID|TETANUS TOXOID|INACTIVATED POLIOMYELITIS VACCINE (V.C.O.) TYPE 1 MAHONEY|INACTIVATED POLIOMYELITIS VACCINE (V.C.O.) TYPE 2 MEF1|INACTIVATED POLIOMYELITIS VACCINE (V.C.O.) TYPE 3 SAUKETT|HAEMOPHILUS INFLUENZAE TYPE B-PRP|TETANUS PROTEIN,NDS,NOC,2000-12-08,2023-09-15
274152,COMIRNATY ORIGINAL & OMICRON BA.4/BA.5,BIONTECH MANUFACTURING GMBH,TOZINAMERAN|FAMTOZINAMERAN,SNDS,NOC,2023-07-06,2023-09-08
263027,KOVALTRY,BAYER INC,ANTIHEMOPHILIC FACTOR (RECOMBINANT),SNDS,NOC,2023-03-07,2023-09-08
247525,TECENTRIQ,HOFFMANN-LA ROCHE LIMITED,ATEZOLIZUMAB,SNDS-c,NOC,2022-12-21,2023-09-08
262249,TECARTUS,GILEAD SCIENCES CANADA INC,BREXUCABTAGENE AUTOLEUCEL,SNDS,NOC,2022-11-16,2023-09-08
242355,ARGATROBAN,SANDOZ CANADA INCORPORATED,ARGATROBAN,SNDS,NON-W,2023-04-18,2023-08-31
262141,REMSIMA SC,CELLTRION HEALTHCARE CO LTD,INFLIXIMAB,SNDS,NOC,2023-03-07,2023-08-30
262317,MYLOTARG,PFIZER CANADA ULC,GEMTUZUMAB OZOGAMICIN,SNDS,NOC,2023-02-02,2023-08-30
261470,TRODELVY,GILEAD SCIENCES CANADA INC,SACITUZUMAB GOVITECAN,SNDS,NOC,2023-01-20,2023-08-30
93001,TYSABRI,BIOGEN CANADA INC,NATALIZUMAB,NDS-NAS,NOC,2006-09-28,2023-08-30
254316,ISTODAX,CELGENE INC,ROMIDEPSIN,SNDS-c,NOC,2023-03-14,2023-08-25
267120,ALHEMO,NOVO NORDISK CANADA INC,CONCIZUMAB,NDS-NAS,NOC,2023-03-10,2023-08-25
262151,VYXEOS,JAZZ PHARMACEUTICALS IRELAND LIMITED,DAUNORUBICIN|CYTARABINE,SNDS,NOC,2023-03-01,2023-08-25
253182,XPOVIO,FORUS THERAPEUTICS INC,SELINEXOR,NDS-NAS,NOC,2022-05-31,2023-08-25
259103,MOUNJARO,ELI LILLY CANADA INC,TIRZEPATIDE,NDS-NAS,NOC,2022-11-24,2023-08-18
266313,VEKLURY,GILEAD SCIENCES CANADA INC,REMDESIVIR,SNDS,NOC,2023-06-15,2023-08-18
162438,TAFINLAR,NOVARTIS PHARMACEUTICALS CANADA INC,DABRAFENIB,SNDS,NOC,2015-03-06,2023-08-18
183167,MEKINIST,NOVARTIS PHARMACEUTICALS CANADA INC,TRAMETINIB,SNDS,NOC,2016-05-13,2023-08-18
262810,GALAFOLD,AMICUS THERAPEUTICS UK LTD,MIGALASTAT HYDROCHLORIDE,SNDS,NOC,2023-03-23,2023-08-18
255032,KENGREXAL,CHIESI FARMACEUTICI S.P.A.,CANGRELOR TETRASODIUM,NDS-NAS,NOC,2023-01-20,2023-08-04
263500,KYMRIAH,NOVARTIS PHARMACEUTICALS CANADA INC,TISAGENLECLEUCEL,SNDS,NOC,2022-12-19,2023-08-03
256537,KEYTRUDA,MERCK CANADA INC,PEMBROLIZUMAB,SNDS,NOC,2022-08-18,2023-07-28
233842,LUMIFY,"BAUSCH HEALTH, CANADA INC.",BRIMONIDINE TARTRATE,NDS,NOC,2022-05-19,2023-07-28
242332,ILLUCCIX,TELIX PHARMACEUTICALS (US) INC,GALLIUM (68GA) GOZETOTIDE,NDS-NAS,NOC,2022-10-13,2023-07-24
262905,TECENTRIQ,HOFFMANN-LA ROCHE LIMITED,ATEZOLIZUMAB,SNDS,NOC,2023-03-03,2023-07-24
259880,"DARZALEX,  DARZALEX SC",JANSSEN INC,DARATUMUMAB,SNDS,NOC,2022-12-08,2023-07-14
262779,KISQALI,NOVARTIS PHARMACEUTICALS CANADA INC,RIBOCICLIB SUCCINATE,SNDS,NOC,2023-02-10,2023-07-14
233561,ZYNRELEF,"HERON THERAPEUTICS, INC.",BUPIVACAINE|MELOXICAM,NDS,NOC,2022-03-16,2023-07-14
253502,ALBRIOZA,AMYLYX PHARMACEUTICALS INC.,SODIUM PHENYLBUTYRATE|URSODOXICOLTAURINE,NDS-NAS,NOC,2022-06-10,2023-07-07
258574,"CABENUVA, VOCABRIA",VIIV HEALTHCARE ULC,CABOTEGRAVIR SODIUM|CABOTEGRAVIR|RILPIVIRINE,SNDS,NOC,2022-12-09,2023-07-07
266528,EVUSHELD,ASTRAZENECA CANADA INC,TIXAGEVIMAB|CILGAVIMAB,SNDS,NOC,2022-11-09,2023-07-07
261138,HEMLIBRA,HOFFMANN-LA ROCHE LIMITED,EMICIZUMAB,SNDS,NOC,2022-12-23,2023-07-07
263005,KEYTRUDA,MERCK CANADA INC,PEMBROLIZUMAB,SNDS,NOC,2023-03-22,2023-07-07
248082,KEYTRUDA,MERCK CANADA INC,PEMBROLIZUMAB,SNDS-c,NOC,2022-12-29,2023-07-07
261904,RADICAVA,MITSUBISHI TANABE PHARMA CORPORATION,EDARAVONE,SNDS,NOC,2022-11-08,2023-07-07
259046,"TREMFYA, TREMFYA ONE-PRESS",JANSSEN INC,GUSELKUMAB,SNDS,NOC,2022-11-08,2023-07-07
259273,KINERET,SWEDISH ORPHAN BIOVITRUM AB (PUBL),ANAKINRA,SNDS,NOC,2022-10-26,2023-06-30
257921,LIXIANA,SERVIER CANADA INC,EDOXABAN TOSYLATE,SNDS,NOC,2023-02-02,2023-06-30
258126,REBINYN (NONACOG BETA PEGOL),NOVO NORDISK CANADA INC,"COAGULATION FACTOR IX (RECOMBINANT), PEGYLATED",SNDS,NOC,2022-10-12,2023-06-30
259725,VAXNEUVANCE,MERCK CANADA INC,"PNEUMOCOCCAL POLYSACCHARIDE SEROTYPE 1, 3,4, 5, 6A, 6B, 7F, 9V, 14, 18C, 19A, 22F, 23F, 33F|CORYNEBACTERIUM DIPHTHERIAE CRM-197 PROTEIN",SNDS,NOC,2022-07-08,2023-06-30
261947,KEYTRUDA,MERCK CANADA INC,PEMBROLIZUMAB,SNDS-c,NOC,2023-01-25,2023-06-23
261020,PENTACEL,SANOFI PASTEUR LIMITED,DIPHTHERIA TOXOID ADSORBED|TETANUS TOXOID|PERTUSSIS TOXOID|FILAMENTOUS HAEMAGGLUTININ|PERTACTIN|FIMBRIAE TYPES 2 AND 3 (FIM)|INACTIVATED POLIOMYELITIS VACCINE (D.C.O) TYPE 1 MAHONEY|INACTIVATED POLIOMYELITIS VACCINE (D.C.O.) TYPE 2  M.E.F.1|INACTIVATED POLIOMYELITIS VACCINE (D.C.O.) TYPE 3 SAUKETT,SNDS,NOC,2023-01-26,2023-06-23
259302,PREHEVBRIO,VBI VACCINES INC.,HEPATITIS B SURFACE ANTIGEN (RECOMBINANT),NDS-NAS,NOC,2022-12-06,2023-06-23
261012,QUADRACEL,SANOFI PASTEUR LIMITED,INACTIVATED POLIOMYELITIS VACCINE (D.C.O) TYPE 1 MAHONEY|INACTIVATED POLIOMYELITIS VACCINE (D.C.O.) TYPE 2  M.E.F.1|INACTIVATED POLIOMYELITIS VACCINE (D.C.O.) TYPE 3 SAUKETT|DIPHTHERIA TOXOID|FILAMENTOUS HAEMAGGLUTININ|FIMBRIAE TYPES 2 AND 3 (FIM)|PERTACTIN|PERTUSSIS TOXOID|TETANUS TOXOID,SNDS,NOC,2023-01-26,2023-06-23
259169,XYNTHA,PFIZER CANADA ULC,"ANTIHEMOPHILIC FACTOR (RECOMBINANT BDD), FC FUSION PROTEIN",SNDS,NOC,2022-11-17,2023-06-23
261661,ADTRALZA,LEO PHARMA INC,TRALOKINUMAB,SNDS,NOC,2023-02-03,2023-06-16
250213,RUKOBIA,VIIV HEALTHCARE ULC,FOSTEMSAVIR TROMETHAMINE,NDS-NAS,NOC,2021-10-01,2023-06-16
245854,CIBINQO,PFIZER CANADA ULC,ABROCITINIB,NDS-NAS,NOC,2022-06-29,2023-06-01
267448,COVIFENZ,MEDICAGO INC,VIRUS-LIKE PARTICLES (VLP) OF SARS-COV-2 SPIKE PROTEIN,SNDS,NOC,2023-03-30,2023-06-01
257460,FOQUEST,ELVIUM LIFE SCIENCES,METHYLPHENIDATE HCL,SNDS,NOC,2022-09-28,2023-06-01
268236,JCOVDEN,JANSSEN INC,AD26.COV2.S [RECOMBINANT],SNDS,NOC,2022-12-23,2023-06-01
256455,LYRICA,UPJOHN CANADA ULC,PREGABALIN,SNDS,NOC,2022-11-14,2023-06-01
259148,OPDIVO,BRISTOL-MYERS SQUIBB CANADA,NIVOLUMAB,SNDS-c,NOC,2022-12-19,2023-06-01
129670,ULTRAM,JANSSEN INC,TRAMADOL HYDROCHLORIDE,NDS,NOC,2010-04-23,2023-05-31
259397,SOTYKTU,BRISTOL-MYERS SQUIBB CANADA,DEUCRAVACITINIB,NDS-NAS,NOC,2022-11-24,2023-05-26
258394,SKYRIZI,ABBVIE CORPORATION,RISANKIZUMAB,SNDS,NOC,2022-10-19,2023-05-23
253700,VAXZEVRIA,ASTRAZENECA CANADA INC,CHADOX1-S [RECOMBINANT],NDS-NAS,NOC,2021-11-19,2023-05-23
267263,JCOVDEN,JANSSEN INC,AD26.COV2.S [RECOMBINANT],SNDS,NOC,2023-02-16,2023-05-19
251277,POTELIGEO,"KYOWA KIRIN, INC.",MOGAMULIZUMAB,NDS-NAS,NOC,2022-06-02,2023-05-19
140047,SPRYCEL,BRISTOL-MYERS SQUIBB CANADA,DASATINIB,SNDS,NOC,2011-07-19,2023-05-19
265382,EVUSHELD,ASTRAZENECA CANADA INC,TIXAGEVIMAB|CILGAVIMAB,SNDS,NOC,2022-10-18,2023-05-17
249774,VRAYLAR,ALLERGAN INC,CARIPRAZINE HYDROCHLORIDE,NDS-NAS,NOC,2022-04-22,2023-05-17
241617,ACARIZAX,ALK-ABELLO A/S,DERMATOPHAGOIDES PTERONYSSINUS EXTRACT|DERMATOPHAGOIDES FARINAE EXTRACT,SNDS,NOC,2022-12-29,2023-05-12
255495,TRULICITY,ELI LILLY CANADA INC,DULAGLUTIDE,SNDS,NOC,2022-08-25,2023-05-12
255983,COSENTYX,NOVARTIS PHARMACEUTICALS CANADA INC,SECUKINUMAB,SNDS,NOC,2022-08-10,2023-05-08
258641,ICLUSIG,"TAKEDA PHARMACEUTICALS U.S.A., INC.",PONATINIB HYDROCHLORIDE,SNDS-c,NOC,2022-10-03,2023-05-08
258196,NINLARO,TAKEDA CANADA INC,IXAZOMIB CITRATE,SNDS,NOC,2022-10-14,2023-05-08
259731,KEYTRUDA,MERCK CANADA INC,PEMBROLIZUMAB,SNDS,NOC,2022-11-09,2023-05-05
260951,PLUVICTO,"ADVANCED ACCELERATOR APPLICATIONS USA, INC.",LUTETIUM (177LU) VIPIVOTIDE TETRAXETAN,NDS-NAS,NOC,2022-08-25,2023-05-05
258295,EVUSHELD,ASTRAZENECA CANADA INC,TIXAGEVIMAB|CILGAVIMAB,NDS-NAS,NOC,2022-04-14,2023-05-02
257188,OPSUMIT,JANSSEN INC,MACITENTAN,SNDS,NOC,2022-11-28,2023-04-28
257092,RYLAZE,JAZZ PHARMACEUTICALS IRELAND LIMITED,"CRISANTASPASE, RECOMBINANT",NDS,NOC,2022-09-02,2023-04-28
254548,KORSUVA,VIFOR FRESENIUS MEDICAL CARE RENAL PHARMA LTD,DIFELIKEFALIN,NDS-NAS,NOC,2022-08-16,2023-04-21
186275,KEYTRUDA,MERCK CANADA INC,PEMBROLIZUMAB,SNDS,NOC,2016-04-15,2023-04-19
261467,KISQALI,NOVARTIS PHARMACEUTICALS CANADA INC,RIBOCICLIB SUCCINATE,SNDS,NOC,2022-12-20,2023-04-19
255153,OCTASA,TILLOTTS PHARMA AG,MESALAZINE,SNDS,NOC,2022-08-08,2023-04-19
252254,PROHANCE - LIQ IV 279.3MG/ML,BRACCO IMAGING CANADA,GADOTERIDOL,SNDS,NOC,2022-05-24,2023-04-19
256231,VYNDAMAX,PFIZER CANADA ULC,TAFAMIDIS,SNDS,NOC,2022-08-17,2023-04-19
258993,VYNDAQEL,PFIZER CANADA ULC,TAFAMIDIS MEGLUMINE,SNDS,NOC,2022-10-14,2023-04-19
258733,YERVOY,BRISTOL-MYERS SQUIBB CANADA,IPILIMUMAB,SNDS,NOC,2022-11-24,2023-04-19
256450,XTANDI,ASTELLAS PHARMA CANADA INC,ENZALUTAMIDE,SNDS,NOC,2022-01-25,2023-04-14
259448,ZEJULA,GLAXOSMITHKLINE INC,NIRAPARIB,SNDS,NOC,2022-08-24,2023-04-14
257728,"DARZALEX SC, DARZALEX",JANSSEN INC,DARATUMUMAB,SNDS,NOC,2022-09-12,2023-04-13
243026,"ELONOX, ELONOX HP",FRESENIUS KABI CANADA LTD,ENOXAPARIN SODIUM,NDS,NOC,2022-10-26,2023-04-13
260018,HADLIMA / HADLIMA PUSHTOUCH,"SAMSUNG BIOEPIS CO., LTD",ADALIMUMAB,SNDS,NOC,2022-12-14,2023-04-13
255281,TAMIFLU,HOFFMANN-LA ROCHE LIMITED,OSELTAMIVIR PHOSPHATE,SNDS,NOC,2022-09-14,2023-04-13
259651,YESCARTA,GILEAD SCIENCES CANADA INC,AXICABTAGENE CILOLEUCEL,SNDS,NOC,2022-12-06,2023-04-13
259843,ZIMED PF,AEQUUS PHARMACEUTICALS INC,BIMATOPROST,NDS,NOC,2022-12-14,2023-04-13
257232,LUTATHERA,"ADVANCED ACCELERATOR APPLICATIONS USA, INC.",LUTETIUM (177LU) OXODOTREOTIDE,SNDS,NOC,2022-09-09,2023-03-31
256913,PIQRAY,NOVARTIS PHARMACEUTICALS CANADA INC,ALPELISIB,SNDS,NOC,2022-08-26,2023-03-31
253111,PREVNAR 20,PFIZER CANADA ULC,"PNEUMOCOCCAL POLYSACCHARIDE SEROTYPE 1, 3, 4, 5, 6A, 6B, 7F, 8, 9V, 10A, 11A, 12F, 14, 15B, 18C, 19A, 19F, 22F, 23F, and 33F|CORYNEBACTERIUM DIPHTHERIAE CRM-197 PROTEIN",NDS-NAS,NOC,2022-05-09,2023-03-31
255700,SCEMBLIX,NOVARTIS PHARMACEUTICALS CANADA INC,ASCIMINIB HYDROCHLORIDE,NDS-NAS,NOC,2022-06-22,2023-03-31
242176,SLYND,DUCHESNAY INC,DROSPIRENONE,NDS,NOC,2021-11-30,2023-03-31
221456,EYEZIRGAN,LABORATOIRES THEA,GANCICLOVIR,NDS,NOC,2022-09-08,2023-03-30
259726,POLIVY,HOFFMANN-LA ROCHE LIMITED,POLATUZUMAB VEDOTIN,SNDS,NOC,2022-11-14,2023-03-30
259175,RAVICTI,HORIZON THERAPEUTICS IRELAND DAC,GLYCEROL PHENYLBUTYRATE,SNDS,NOC,2022-11-24,2023-03-30
260986,"FRAXIPARINE, FRAXIPARINE FORTE",ASPEN PHARMACARE CANADA INC.,NADROPARIN CALCIUM,SNDS,NOC,2022-07-08,2023-03-29
261270,POLIVY,HOFFMANN-LA ROCHE LIMITED,POLATUZUMAB VEDOTIN,SNDS-c,NOC,2023-01-20,2023-03-29
255972,TABRECTA,NOVARTIS PHARMACEUTICALS CANADA INC,CAPMATINIB DIHYDROCHLORIDE,NDS-NAS,NOC,2022-05-26,2023-03-24
221579,VERITY-BCG,VERITY PHARMACEUTICALS INC,BACILLUS CALMETTE-GUÃ‰RIN (BCG) - STRAIN RUSSIAN BCG-I,NDS,NOC,2020-12-24,2023-03-24
6HN893984,LUVOX,BGP PHARMA ULC,FLUVOXAMINE MALEATE,NDS,NOC,1990-07-04,2023-03-23
266285,NUVAXOVID,NOVAVAX INC.,SARS-COV-2 RECOMBINANT SPIKE PROTEIN,SNDS,NOC,2022-11-17,2023-03-23
259588,SPRAVATO,JANSSEN INC,ESKETAMINE HYDROCHLORIDE,SNDS,NOC,2022-06-28,2023-03-23
266236,PAXLOVID,PFIZER CANADA ULC,NIRMATRELVIR|RITONAVIR,SNDS,NOC,2022-12-08,2023-03-21
261864,ULTOMIRIS,ALEXION PHARMA GMBH,RAVULIZUMAB,SNDS,NOC,2023-01-06,2023-03-21
262060,ULTOMIRIS,ALEXION PHARMA GMBH,RAVULIZUMAB,SNDS,NOC,2022-12-13,2023-03-21
259173,ULTOMIRIS,ALEXION PHARMA GMBH,RAVULIZUMAB,SNDS,NOC,2022-11-01,2023-03-21
259754,BEOVU,NOVARTIS PHARMACEUTICALS CANADA INC,BROLUCIZUMAB,SNDS,NOC,2022-11-30,2023-03-20
258642,"TRESIBA (FLEXTOUCH), TRESIBA (PENFILL)",NOVO NORDISK CANADA INC,INSULIN DEGLUDEC,SNDS,NOC,2022-10-27,2023-03-20
49975,PROPECIA,ORGANON CANADA INC.,FINASTERIDE,NDS,NOC,1998-06-26,2023-03-16
262408,SPIKEVAX,"MODERNATX, INC.",ELASOMERAN,SNDS,NOC,2023-01-12,2023-03-16
269428,SPIKEVAX BIVALENT,"MODERNATX, INC.",ELASOMERAN|IMELASOMERAN,SNDS,NOC,2023-02-17,2023-03-14
252308,QINLOCK,DECIPHERA PHARMACEUTICALS LLC,RIPRETINIB,SNDS,NOC,2022-05-10,2023-03-13
105065,SUBOXONE,INDIVIOR UK LIMITED,BUPRENORPHINE HYDROCHLORIDE|NALOXONE HYDROCHLORIDE DIHYDRATE,NDS,NOC,2007-05-18,2023-03-13
248992,ZEPOSIA,CELGENE INC,OZANIMOD,SNDS,NOC,2022-04-08,2023-03-13
73355,CIPRALEX,LUNDBECK CANADA INC,ESCITALOPRAM OXALATE,NDS-NAS,NOC,2004-12-24,2023-03-06
259676,LIVTENCITY,TAKEDA CANADA INC,MARIBAVIR,NDS-NAS,NOC,2022-09-15,2023-03-06
257103,OPDIVO,BRISTOL-MYERS SQUIBB CANADA,NIVOLUMAB,SNDS,NOC,2022-07-25,2023-03-06
257113,ALUNBRIG,TAKEDA CANADA INC,BRIGATINIB,SNDS-c,NOC,2022-07-20,2023-03-03
257230,COSENTYX,NOVARTIS PHARMACEUTICALS CANADA INC,SECUKINUMAB,SNDS,NOC,2022-09-20,2023-03-03
254890,SUBLOCADE,INDIVIOR UK LIMITED,BUPRENORPHINE,SNDS,NOC,2022-07-05,2023-03-03
260994,TALTZ,ELI LILLY CANADA INC,IXEKIZUMAB,SNDS,NOC,2022-09-21,2023-03-03
257192,XEOMIN,MERZ PHARMACEUTICALS GMBH,INCOBOTULINUMTOXINA,SNDS,NOC,2022-09-22,2023-03-03
256106,YESCARTA,GILEAD SCIENCES CANADA INC,AXICABTAGENE CILOLEUCEL,SNDS,NOC,2022-09-28,2023-03-03
268826,COMIRNATY ORIGINAL & OMICRON BA.4/BA.5,BIONTECH MANUFACTURING GMBH,TOZINAMERAN|FAMTOZINAMERAN,SNDS,NOC,2022-12-09,2023-02-24
256995,ROZLYTREK,HOFFMANN-LA ROCHE LIMITED,ENTRECTINIB,SNDS-c,NOC,2022-07-28,2023-02-24
238027,RYALTRIS,GLENMARK SPECIALTY SA,OLOPATADINE HCL|MOMETASONE FUROATE MONOHYDRATE,NDS,NOC,2022-09-21,2023-02-24
254495,WELIREG,MERCK CANADA INC,BELZUTIFAN,NDS-NAS,NOC,2022-07-11,2023-02-24
265342,NUVAXOVID,NOVAVAX INC.,SARS-COV-2 RECOMBINANT SPIKE PROTEIN,SNDS,NOC,2022-12-06,2023-02-17
234562,RYMTI,LUPIN PHARMA CANADA LIMITED,ETANERCEPT,NDS,NOC,2022-08-31,2023-02-17
261220,ACTEMRA,HOFFMANN-LA ROCHE LIMITED,TOCILIZUMAB,SNDS,NOC,2022-10-13,2023-02-08
75750,CYMBALTA,ELI LILLY CANADA INC,DULOXETINE HCL,NDS-NAS,NOC,2005-03-03,2023-02-08
256228,OCALIVA,INTERCEPT PHARMACEUTICALS INC,OBETICHOLIC ACID,SNDS-c,NOC,2022-08-11,2023-02-08
254848,SUSVIMO,HOFFMANN-LA ROCHE LIMITED,RANIBIZUMAB,NDS,NOC,2022-09-14,2023-02-08
265483,COMIRNATY,BIONTECH MANUFACTURING GMBH,TOZINAMERAN,SNDS,NOC,2022-09-09,2023-02-06
50461,LARIAM,HOFFMANN-LA ROCHE LIMITED,MEFLOQUINE HCL,SNDS,NOC,1997-12-18,2023-02-06
70600,GLEEVEC,NOVARTIS PHARMACEUTICALS CANADA INC,IMATINIB MESYLATE,NDS-NAS,NOC,2004-12-29,2023-02-01
255937,OPDIVO,BRISTOL-MYERS SQUIBB CANADA,NIVOLUMAB,SNDS,NOC,2022-07-07,2023-02-01
253652,OPDIVO,BRISTOL-MYERS SQUIBB CANADA,NIVOLUMAB,SNDS,NOC,2022-06-27,2023-02-01
262563,PREZCOBIX,JANSSEN INC,DARUNAVIR ETHANOLATE|COBICISTAT,SNDS,NOC,2022-08-17,2023-02-01
262568,PREZISTA,JANSSEN INC,DARUNAVIR ETHANOLATE,SNDS,NOC,2022-08-17,2023-02-01
255908,SIMPONI I.V.,JANSSEN INC,GOLIMUMAB,SNDS,NOC,2022-07-29,2023-02-01
262573,SYMTUZA,JANSSEN INC,EMTRICITABINE|DARUNAVIR ETHANOLATE|COBICISTAT|TENOFOVIR ALAFENAMIDE HEMIFUMARATE,SNDS,NOC,2022-08-17,2023-02-01
261787,CONSTELLA,ALLERGAN INC,LINACLOTIDE,SNDS,NOC,2022-07-26,2023-01-20
252301,ORLADEYO,BIOCRYST PHARMACEUTICALS INC,BEROTRALSTAT HYDROCHLORIDE,NDS-NAS,NOC,2022-06-02,2023-01-20
255799,GAZYVA,HOFFMANN-LA ROCHE LIMITED,OBINUTUZUMAB,SNDS,NOC,2022-07-25,2023-01-13
255642,OCTAPLASMA,OCTAPHARMA PHARMAZEUTIKA PRODUKTIONSGES M B H,HUMAN PLASMA PROTEINS,SNDS,NOC,2022-06-30,2023-01-13
240337,SHOLYNE,KYE PHARMACEUTICALS INC,CEVIMELINE HYDROCHLORIDE,NDS-NAS,NON-W,2022-04-06,2023-01-13
257273,BAVENCIO,EMD SERONO A DIVISION OF EMD INC CANADA,AVELUMAB,SNDS,NOC,2022-08-15,2022-12-30
256301,EPCLUSA,GILEAD SCIENCES CANADA INC,SOFOSBUVIR|VELPATASVIR,SNDS,NOC,2022-08-11,2022-12-30
258717,KIMMTRAK,IMMUNOCORE IRELAND LIMITED,TEBENTAFUSP,NDS-NAS,NOC,2022-06-06,2022-12-30
106367,LIPITOR,UPJOHN CANADA ULC,ATORVASTATIN CALCIUM,SNDS,NOC,2007-04-18,2022-12-30
256554,MEKINIST,NOVARTIS PHARMACEUTICALS CANADA INC,TRAMETINIB,SNDS,NOC,2022-07-26,2022-12-30
255926,ORENCIA,BRISTOL-MYERS SQUIBB CANADA,ABATACEPT,SNDS,NOC,2022-07-21,2022-12-30
256550,TAFINLAR,NOVARTIS PHARMACEUTICALS CANADA INC,DABRAFENIB MESYLATE,SNDS,NOC,2022-07-26,2022-12-30
256659,KEYTRUDA,MERCK CANADA INC,PEMBROLIZUMAB,SNDS,NOC,2022-04-12,2022-12-21
265656,SPIKEVAX BIVALENT,"MODERNATX, INC.",ELASOMERAN|IMELASOMERAN,NDS-NAS,NOC,2022-09-01,2022-12-21
254233,"CABENUVA, VOCABRIA",VIIV HEALTHCARE ULC,CABOTEGRAVIR|RILPIVIRINE,SNDS,NOC,2022-06-15,2022-12-16
257222,OCALIVA,INTERCEPT PHARMACEUTICALS INC,OBETICHOLIC ACID,SNDS,NOC,2022-09-16,2022-12-16
8356,PAXIL,GLAXOSMITHKLINE INC,PAROXETINE HCL,NDS-NAS,NOC,1993-05-04,2022-12-16
261556,PIQRAY,NOVARTIS PHARMACEUTICALS CANADA INC,ALPELISIB,SNDS,NOC,2022-06-30,2022-12-16
248255,TAVNEOS,VIFOR FRESENIUS MEDICAL CARE RENAL PHARMA LTD,AVACOPAN,NDS-NAS,NOC,2022-04-14,2022-12-16
255136,TRIKAFTA,VERTEX PHARMACEUTICALS (CANADA) INCORPORATED,ELEXACAFTOR|TEZACAFTOR|IVACAFTOR|IVACAFTOR,SNDS,NOC,2022-04-20,2022-12-16
267502,COMIRNATY ORIGINAL AND OMICRON BA.4/BA.5,BIONTECH MANUFACTURING GMBH,TOZINAMERAN|OMICRON BA.4/BA.5|FAMTOZINAMERAN,NDS-NAS,NOC,2022-10-07,2022-12-09
266189,COMIRNATY ORIGINAL/OMICRON BA.1,BIONTECH MANUFACTURING GMBH,TOZINAMERAN|RILTOZINAMERAN,NDS-NAS,NOC,2022-10-21,2022-12-09
253178,RYDAPT,NOVARTIS PHARMACEUTICALS CANADA INC,MIDOSTAURIN,SNDS,NOC,2022-06-29,2022-12-02
252306,DUPIXENT,SANOFI-AVENTIS CANADA INC,DUPILUMAB,SNDS,NOC,2022-03-25,2022-11-21
254300,ENTYVIO,TAKEDA CANADA INC,VEDOLIZUMAB,SNDS,NOC,2022-07-06,2022-11-21
258432,KEYTRUDA,MERCK CANADA INC,PEMBROLIZUMAB,SNDS,NOC,2022-07-20,2022-11-21
259703,KEYTRUDA,MERCK CANADA INC,PEMBROLIZUMAB,SNDS,NOC,2022-07-05,2022-11-21
254541,CUTAQUIG,OCTAPHARMA PHARMAZEUTIKA PRODUKTIONSGES M B H,IMMUNOGLOBULIN G (HUMAN),SNDS,NOC,2022-06-09,2022-11-15
256491,JARDIANCE,BOEHRINGER INGELHEIM (CANADA) LTD LTEE,EMPAGLIFLOZIN,SNDS,NOC,2022-04-06,2022-11-15
9524,LUVOX,BGP PHARMA ULC,FLUVOXAMINE MALEATE,SNDS,NOC,1993-04-21,2022-11-15
253256,OCTAGAM,OCTAPHARMA PHARMAZEUTIKA PRODUKTIONSGES M B H,IMMUNOGLOBULIN G (HUMAN),SNDS,NOC,2022-05-19,2022-11-15
254893,OPDIVO,BRISTOL-MYERS SQUIBB CANADA,NIVOLUMAB,SNDS-c,NOC,2022-06-02,2022-11-15
8224,ELMIRON,JANSSEN INC,PENTOSAN POLYSULFATE SODIUM,NDS-NAS,NOC,1993-04-26,2022-11-04
251229,ENTYVIO,TAKEDA CANADA INC,VEDOLIZUMAB,SNDS,NOC,2022-06-08,2022-11-04
257236,KEYTRUDA,MERCK CANADA INC,PEMBROLIZUMAB,SNDS,NOC,2022-04-07,2022-11-04
252065,SOHONOS,IPSEN BIOPHARMACEUTICALS CANADA INC,PALOVAROTENE,NDS-NAS,NOC,2022-01-21,2022-11-01
253993,COSENTYX,NOVARTIS PHARMACEUTICALS CANADA INC,SECUKINUMAB,SNDS,NOC,2022-06-07,2022-10-26
253904,VABYSMO,HOFFMANN-LA ROCHE LIMITED,FARICIMAB,NDS-NAS,NOC,2022-05-27,2022-10-26
264621,COMIRNATY,BIONTECH MANUFACTURING GMBH,TOZINAMERAN,SNDS,NOC,2022-08-19,2022-10-25
252766,ERLEADA,JANSSEN INC,APALUTAMIDE,SNDS,NOC,2022-06-01,2022-10-20
40001,MEVACOR,MERCK CANADA INC,LOVASTATIN,SNDS,NOC,1996-06-24,2022-09-27
250022,JAKAVI,NOVARTIS PHARMACEUTICALS CANADA INC,RUXOLITINIB PHOSPHATE,SNDS,NOC,2022-05-19,2022-09-26
263775,SPIKEVAX,"MODERNATX, INC.",ELASOMERAN,SNDS,NOC,2022-07-14,2022-09-22
253060,KEYTRUDA,MERCK CANADA INC,PEMBROLIZUMAB,SNDS,NOC,2022-05-04,2022-09-13
253057,LENVIMA,EISAI LIMITED,LENVATINIB MESYLATE,SNDS,NOC,2022-05-06,2022-09-13
111952,REVLIMID,CELGENE INC,LENALIDOMIDE,NDS-NAS,NOC,2013-06-06,2022-09-13
245791,RHOLISTIQ,KADMON PHARMACEUTICALS LLC,BELUMOSUDIL MESYLATE,NDS-NAS,NOC,2022-03-23,2022-09-13
259009,WEGOVY,NOVO NORDISK CANADA INC,SEMAGLUTIDE,SNDS,NOC,2022-06-30,2022-09-13
257143,CABOMETYX,IPSEN BIOPHARMACEUTICALS CANADA INC,CABOZANTINIB MALATE,SNDS,NOC,2022-04-28,2022-09-02
252247,DUODOPA,ABBVIE CORPORATION,LEVODOPA|CARBIDOPA MONOHYDRATE,SNDS,NOC,2022-04-07,2022-09-02
251305,ENSTILAR,LEO PHARMA INC,BETAMETHASONE DIPROPIONATE|CALCIPOTRIOL MONOHYDRATE,SNDS,NOC,2022-04-27,2022-09-02
233166,XARELTO,BAYER INC,RIVAROXABAN,SNDS,NOC,2020-11-27,2022-08-30
254371,DYMISTA,BGP PHARMA ULC,AZELASTINE HYDROCHLORIDE|FLUTICASONE PROPIONATE,SNDS,NOC,2022-05-18,2022-08-26
252251,MAVIRET,ABBVIE CORPORATION,GLECAPREVIR|PIBRENTASVIR,SNDS,NOC,2022-04-07,2022-08-22
254440,RYBREVANT,JANSSEN INC,AMIVANTAMAB,NDS-NAS,NOC,2022-03-30,2022-08-22
253017,VENCLEXTA,ABBVIE CORPORATION,VENETOCLAX,SNDS,NOC,2022-04-12,2022-08-22
253113,FLUCELVAX QUAD,SEQIRUS UK LIMITED,HAEMAGGLUTININ-STRAIN A (H1N1)|HAEMAGGLUTININ-STRAIN A (H3N2)|HAEMAGGLUTININ-STRAIN B(YAMAGATA)|HAEMAGGLUTININ-STRAIN B(VICTORIA),SNDS,NOC,2022-04-21,2022-08-12
255781,KALYDECO,VERTEX PHARMACEUTICALS (CANADA) INCORPORATED,IVACAFTOR,SNDS,NOC,2022-03-23,2022-08-12
238499,BIMZELX,UCB CANADA INC,BIMEKIZUMAB,NDS-NAS,NOC,2022-02-14,2022-08-09
238994,LEDAGA,RECORDATI RARE DISEASES CANADA INC,CHLORMETHINE,NDS,NOC,2021-06-08,2022-08-09
219788,LUMEBLUE,PENDOPHARM DIVISION OF PHARMASCIENCE INC,METHYLENE BLUE,NDS,NON-W,2021-05-21,2022-08-09
261884,PAXLOVID,PFIZER CANADA ULC,NIRMATRELVIR,SNDS,NOC,2022-05-25,2022-08-09
220887,STENDRA,ACERUS PHARMACEUTICALS CORPORATION,AVANAFIL,NDS-NAS,NOD-W,2021-10-05,2022-08-09
252304,COSENTYX,NOVARTIS PHARMACEUTICALS CANADA INC,SECUKINUMAB,SNDS,NOC,2022-04-08,2022-08-05
252507,TREMFYA/TREMFYA ONE-PRESS,JANSSEN INC,GUSELKUMAB,SNDS,NOC,2022-04-13,2022-08-05
80591,GLEEVEC,NOVARTIS PHARMACEUTICALS CANADA INC,IMATINIB MESYLATE,SNDS,NOC,2003-10-08,2022-07-29
252403,JAKAVI,NOVARTIS PHARMACEUTICALS CANADA INC,RUXOLITINIB PHOSPHATE,SNDS,NOC,2022-03-24,2022-07-29
256178,LIBTAYO,SANOFI-AVENTIS CANADA INC,CEMIPLIMAB,SNDS,NOC,2022-03-23,2022-07-29
252460,VASCEPA,HLS THERAPEUTICS INC,ICOSAPENT ETHYL,SNDS,NOC,2022-04-21,2022-07-29
248134,IXIFI,PFIZER CANADA ULC,INFLIXIMAB,NDS,NOC,2021-12-21,2022-07-21
252068,SEMGLEE,BGP PHARMA ULC,INSULIN GLARGINE,NDS,NOC,2022-04-08,2022-07-21
259715,JCOVDEN,JANSSEN INC,AD26.COV2.S [RECOMBINANT],SNDS,NOC,2022-05-11,2022-07-20
261729,COMIRNATY,BIONTECH MANUFACTURING GMBH,TOZINAMERAN,SNDS,NOC,2022-06-01,2022-07-19
251509,GARDASIL 9,MERCK CANADA INC,RECOMBINANT HUMAN PAPILLOMAVIRUS TYPE 33 L1 PROTEIN,SNDS,NOC,2022-04-06,2022-07-18
244429,KANUMA,ALEXION PHARMA GMBH,SEBELIPASE ALFA,SNDS-c,NOC,2021-09-08,2022-07-18
246729,NGENLA,PFIZER CANADA ULC,SOMATROGON,NDS-NAS,NOC,2021-10-26,2022-07-18
251162,BYOOVIZ,"SAMSUNG BIOEPIS CO., LTD",RANIBIZUMAB,NDS,NOC,2022-03-08,2022-07-12
254883,OXLUMO,ALNYLAM NETHERLANDS B.V.,LUMASIRAN SODIUM,NDS-NAS,NOC,2022-03-07,2022-07-12
254850,DIACETYLMORPHINE HYDROCHLORIDE,PHARMASCIENCE INC,DIACETYLMORPHINE HYDROCHLORIDE,NDS,NOC,2022-02-16,2022-07-08
251105,JEMPERLI,GLAXOSMITHKLINE INC,DOSTARLIMAB,NDS-NAS,NOC,2021-12-23,2022-07-08
251374,VITRAKVI,BAYER INC,LAROTRECTINIB SULFATE,SNDS-c,NOC,2022-01-27,2022-07-08
259186,PAXLOVID,PFIZER CANADA ULC,NIRMATRELVIR,NDS-NAS,NOC,2022-01-17,2022-07-06
110028,CYMBALTA,ELI LILLY CANADA INC,DULOXETINE,NDS-NAS,NOC,2007-11-01,2022-07-04
247235,WEGOVY,NOVO NORDISK CANADA INC,SEMAGLUTIDE,NDS,NOC,2021-11-23,2022-07-04
247724,AYBINTIO,"SAMSUNG BIOEPIS CO., LTD",BEVACIZUMAB,NDS,NOC,2021-11-30,2022-06-30
247369,AYBINTIO,"SAMSUNG BIOEPIS CO., LTD",BEVACIZUMAB,NDS,NOC,2021-11-30,2022-06-30
8278,LARIAM,HOFFMANN-LA ROCHE LIMITED,MEFLOQUINE HCL,NDS,NOC,1993-01-22,2022-06-30
212276,PANHEMATIN,RECORDATI RARE DISEASES CANADA INC,HEMIN,NDS-NAS,NOC,2018-07-13,2022-06-30
235995,ONTRUZANT,"SAMSUNG BIOEPIS CO., LTD",TRASTUZUMAB,NDS,NOC,2022-01-28,2022-06-24
247265,YUFLYMA,CELLTRION HEALTHCARE CO LTD,ADALIMUMAB,NDS,NOC,2021-12-24,2022-06-24
258658,SPIKEVAX,"MODERNATX, INC.",ELASOMERAN,SNDS,NOC,2022-03-17,2022-06-22
255370,NUVAXOVID,NOVAVAX INC.,SARS-COV-2 RECOMBINANT SPIKE PROTEIN,NDS-NAS,NOC,2022-02-17,2022-06-16
250151,VEKLURY,GILEAD SCIENCES CANADA INC,REMDESIVIR,SNDS,NOC,2022-04-22,2022-06-16
222001,OSPHENA,DUCHESNAY INC,OSPEMIFENE,NDS,NOC,2021-07-16,2022-06-14
257293,SPIKEVAX,"MODERNATX, INC.",ELASOMERAN,SNDS,NOC,2021-11-12,2022-06-14
244450,BAMBEVI,APOTEX INC,BEVACIZUMAB,NDS,NOC,2021-09-23,2022-06-09
254598,COVIFENZ,MEDICAGO INC,VIRUS-LIKE PARTICLES (VLP) OF SARS-COV-2 SPIKE PROTEIN,NDS-NAS,NOC,2022-02-24,2022-06-03
244990,SIMLANDI,JAMP PHARMA CORPORATION,ADALIMUMAB,NDS,NOC,2022-01-05,2022-06-01
247241,MEZERA,AVIR PHARMA INC.,MESALAZINE,NDS,NOC,2022-01-18,2022-05-31
240239,VYNDAMAX,PFIZER CANADA ULC,TAFAMIDIS,NDS,NOC,2021-07-09,2022-05-27
210676,INVOKANA,JANSSEN INC,CANAGLIFLOZIN,SNDS,NOC,2018-10-15,2022-05-20
245680,NEXVIAZYME,SANOFI-AVENTIS CANADA INC,AVALGLUCOSIDASE ALFA,NDS-NAS,NOC,2021-11-12,2022-05-19
236197,NEXTSTELLIS,SEARCHLIGHT PHARMA INC,ESTETROL MONOHYDRATE|DROSPIRENONE,NDS-NAS,NOC,2021-03-05,2022-05-16
249957,ESAMUZE,DR REDDYS LABORATORIES LTD,BENDAMUSTINE HYDROCHLORIDE,NDS,NOC,2022-05-04,2022-05-13
96194,LIPITOR,UPJOHN CANADA ULC,ATORVASTATIN CALCIUM,SNDS,NOC,2005-11-21,2022-05-13
247727,HYQVIA,TAKEDA CANADA INC,IMMUNOGLOBULIN (HUMAN),NDS-NAS,NOC,2022-01-14,2022-05-09
9840,MEVACOR,MERCK CANADA INC,LOVASTATIN,SNDS,NOC,1995-03-15,2022-05-09
190761,VENCLEXTA,ABBVIE CORPORATION,VENETOCLAX,NDS,NOC,2016-09-30,2022-05-09
238571,BRAFTOVI,PFIZER CANADA ULC,ENCORAFENIB,NDS,NOC,2021-03-30,2022-04-28
233987,INCLUNOX,SANDOZ CANADA INCORPORATED,ENOXAPARIN SODIUM,NDS,NOC,2020-11-05,2022-04-28
248874,NETVISION,CANADIAN MOLECULAR IMAGING PROBE CONSORTIUM (CANPROBE),GALLIUM OXODOTREOTIDE,NDS-NAS,NOC,2022-02-24,2022-04-28
247561,TPOXX,"SIGA TECHNOLOGIES, INC.",TECOVIRIMAT MONOHYDRATE,NDS-NAS,NOC,2021-11-29,2022-04-28
248962,BENVYON,PFIZER CANADA ULC,BENDAMUSTINE HYDROCHLORIDE,NDS,NOC,2022-01-14,2022-04-21
246730,GLASSIA,TAKEDA CANADA INC,ALFA 1-PROTEINASE INHIBITOR (HUMAN),NDS,NOC,2021-11-12,2022-04-21
246904,TRUSELTIQ,"QED THERAPEUTICS, INC.",INFIGRATINIB PHOSPHATE,NDS-NAS,NOC,2021-09-27,2022-04-21
237499,ABEVMY,BGP PHARMA ULC,BEVACIZUMAB,NDS,NOC,2021-11-05,2022-04-11
257698,COMIRNATY,BIONTECH MANUFACTURING GMBH,TOZINAMERAN,SNDS,NOC,2021-11-19,2022-04-06
183397,OPDIVO,BRISTOL-MYERS SQUIBB CANADA,NIVOLUMAB,NDS,NOC,2016-04-29,2022-04-01
247042,VAXNEUVANCE,MERCK CANADA INC,CORYNEBACTERIUM DIPHTHERIAE CRM-197 PROTEIN|PNEUMOCOCCAL POLYSACCHARIDE SEROTYPE,NDS-NAS,NOC,2021-11-16,2022-04-01
246800,CAMCEVI,ACCORD HEALTHCARE INC,LEUPROLIDE MESYLATE,NDS,NOC,2021-11-16,2022-03-23
247393,KEYTRUDA,MERCK CANADA INC,PEMBROLIZUMAB,SNDS-c,NOC,2021-11-24,2022-03-23
252733,SPIKEVAX,"MODERNATX, INC.",ELASOMERAN,NDS-NAS,NOC,2021-09-16,2022-03-23
120192,ABILIFY,OTSUKA PHARMACEUTICAL CO LTD,ARIPIPRAZOLE,NDS,NOC,2009-07-09,2022-03-18
127392,GLEEVEC,NOVARTIS PHARMACEUTICALS CANADA INC,IMATINIB MESYLATE,SNDS,NOC,2009-12-22,2022-03-18
105601,VECTIBIX,AMGEN CANADA INC,PANITUMUMAB,NDS-NAS,NOC,2008-04-03,2022-03-18
247485,ZEPZELCA,JAZZ PHARMACEUTICALS IRELAND LIMITED,LURBINECTEDIN,NDS-NAS,NOC,2021-09-29,2022-03-18
245877,ADTRALZA,LEO PHARMA INC,TRALOKINUMAB,NDS-NAS,NOC,2021-10-13,2022-03-11
243229,KIRSTY,BGP PHARMA ULC,INSULIN ASPART,NDS,NOC,2021-10-12,2022-03-11
145406,LATUDA,SUNOVION PHARMACEUTICALS CANADA INC,LURASIDONE HYDROCHLORIDE,NDS-NAS,NOC,2012-06-13,2022-03-11
245848,OPSYNVI,JANSSEN INC,MACITENTAN|TADALAFIL,NDS,NOC,2021-10-14,2022-03-11
251438,PADCEV,SEAGEN INC.,ENFORTUMAB VEDOTIN,NDS-NAS,NOC,2021-10-29,2022-03-11
220512,NYPOZI,"TANVEX BIOPHARMA USA, INC",FILGRASTIM (R-METHUG-CSF),NDS,NOC,2021-10-08,2022-03-08
236286,ARAZLO,"BAUSCH HEALTH, CANADA INC.",TAZAROTENE,NDS,NOC,2021-07-08,2022-02-25
243470,LEQVIO,NOVARTIS PHARMACEUTICALS CANADA INC,INCLISIRAN SODIUM,NDS-NAS,NOC,2021-07-26,2022-02-25
91561,LIPITOR,UPJOHN CANADA ULC,ATORVASTATIN CALCIUM,SNDS,NOC,2005-05-30,2022-02-25
251730,COMIRNATY,BIONTECH MANUFACTURING GMBH,TOZINAMERAN,Interim Order,Authorized with Conditions,2021-05-05,2022-02-22
248928,VEKLURY,GILEAD SCIENCES CANADA INC,REMDESIVIR,SNDS-c,NOC,2022-01-24,2022-02-21
237413,BRAFTOVI,PFIZER CANADA ULC,ENCORAFENIB,NDS-NAS,NOC,2021-03-02,2022-02-18
237410,MEKTOVI,PFIZER CANADA ULC,BINIMETINIB,NDS-NAS,NOC,2021-03-02,2022-02-18
242569,PEMAZYRE,INCYTE CORPORATION,PEMIGATINIB,NDS-NAS,NOC,2021-09-17,2022-02-18
253702,JCOVDEN,JANSSEN INC,AD26.COV2.S [RECOMBINANT],NDS-NAS,NOC,2021-11-23,2022-02-14
248753,TRODELVY,GILEAD SCIENCES CANADA INC,SACITUZUMAB GOVITECAN,NDS-NAS,NOC,2021-09-24,2022-02-14
235881,ADVIL PLUS ACETAMINOPHEN,GLAXOSMITHKLINE CONSUMER HEALTHCARE ULC,ACETAMINOPHEN|IBUPROFEN,NDS,NOC,2021-08-23,2022-02-02
257162,COMIRNATY,BIONTECH MANUFACTURING GMBH,TOZINAMERAN,SNDS,NOC,2021-11-09,2022-02-02
252736,COMIRNATY,BIONTECH MANUFACTURING GMBH,TOZINAMERAN,NDS-NAS,NOC,2021-09-16,2022-02-02
253430,SPIKEVAX,"MODERNATX, INC.",ELASOMERAN,Interim Order,Authorized with Conditions,2021-08-27,2022-01-25
248435,LUMAKRAS,AMGEN CANADA INC,SOTORASIB,NDS-NAS,NOC,2021-09-10,2022-01-21
222855,SPRAVATO,JANSSEN INC,ESKETAMINE HYDROCHLORIDE,NDS,NOC,2020-05-20,2022-01-21
243731,GAVRETO,HOFFMANN-LA ROCHE LIMITED,PRALSETINIB,NDS-NAS,NOC,2021-06-30,2022-01-14
243748,RETEVMO,LOXO ONCOLOGY INC,SELPERCATINIB,NDS-NAS,NOC,2021-06-15,2022-01-14
244266,ABECMA,CELGENE INC,IDECABTAGENE VICLEUCEL,NDS-NAS,NOC,2021-05-26,2021-12-24
239537,PONVORY,JANSSEN INC,PONESIMOD,NDS-NAS,NOC,2021-04-28,2021-12-24
244137,TRECONDYV,MEDEXUS INC,TREOSULFAN,NDS,NOC,2021-06-25,2021-12-24
227886,VABLYS,DUCHESNAY INC,DEQUALINIUM CHLORIDE,NDS,NOC,2021-07-30,2021-12-24
247025,MINJUVI,INCYTE CORPORATION,TAFASITAMAB,NDS-NAS,NOC,2021-08-19,2021-12-23
248423,MYINFLA,PENDOPHARM DIVISION OF PHARMASCIENCE INC,COLCHICINE,NDS,NOC,2021-08-23,2021-12-23
251285,SOTROVIMAB (VIR-7831/GSK4182136),GLAXOSMITHKLINE INC,VIR-7831,Interim Order,Authorized with Conditions,2021-07-30,2021-12-17
246955,TRIKAFTA,VERTEX PHARMACEUTICALS (CANADA) INCORPORATED,IVACAFTOR|ELEXACAFTOR|TEZACAFTOR,NDS-NAS,NOC,2021-06-18,2021-12-17
119442,CRESTOR,ASTRAZENECA CANADA INC,ROSUVASTATIN CALCIUM,SNDS,NOC,2009-09-05,2021-12-03
242320,LIBTAYO,SANOFI-AVENTIS CANADA INC,CEMIPLIMAB,SNDS-c,NOC,2021-08-13,2021-12-03
238175,WAKIX,ENDO VENTURES LTD,PITOLISANT,NDS-NAS,NOC,2021-05-25,2021-11-30
225983,MAR-PHYTONADIONE,MARCAN PHARMACEUTICALS INC,VITAMIN K1,NDS,NOD-W,2021-06-17,2021-11-26
13588,MEVACOR,MERCK CANADA INC,LOVASTATIN,NDS,NOC,1988-06-30,2021-11-26
167319,FETZIMA,ALLERGAN INC,LEVOMILNACIPRAN,NDS-NAS,NOC,2015-05-08,2021-11-15
87138,LIPITOR,UPJOHN CANADA ULC,ATORVASTATIN CALCIUM,NDS,NOC,2004-10-05,2021-11-15
56308,ZOCOR,ORGANON CANADA INC.,SIMVASTATIN,SNDS,NOC,1999-09-02,2021-11-15
172649,SAXENDA,NOVO NORDISK CANADA INC,LIRAGLUTIDE,NDS,NOC,2015-02-26,2021-11-12
242300,TEPMETKO,EMD SERONO A DIVISION OF EMD INC CANADA,TEPOTINIB HYDROCHLORIDE,NDS-NAS,NOC,2021-05-27,2021-11-05
181723,BLINCYTO,AMGEN CANADA INC,BLINATUMOMAB,NDS-NAS,NOC,2015-12-22,2021-10-21
239820,INPROSUB,IBSA INSTITUT BIOCHIMIQUE SA,PROGESTERONE,NDS,NOC,2021-04-30,2021-10-21
110828,LESCOL,NOVARTIS PHARMACEUTICALS CANADA INC,FLUVASTATIN,SNDS,NOC,2007-09-24,2021-10-21
80290,PRAVACHOL,BRISTOL-MYERS SQUIBB CANADA,PRAVASTATIN SODIUM,SNDS,NOC,2004-03-26,2021-10-21
115439,PRISTIQ,PFIZER CANADA ULC,DESVENLAFAXINE SUCCINATE,NDS-NAS,NOC,2019-02-04,2021-10-21
237511,SUNOSI,JAZZ PHARMACEUTICALS IRELAND LIMITED,SOLRIAMFETOL HYDROCHLORIDE,NDS-NAS,NOC,2021-05-13,2021-10-21
242743,VYXEOS,JAZZ PHARMACEUTICALS IRELAND LIMITED,CYTARABINE|DAUNORUBICIN,NDS,NOC,2021-04-29,2021-10-21
242885,BRUKINSA,BEIGENE SWITZERLAND GMBH,ZANUBRUTINIB,NDS,NOC,2021-07-22,2021-10-15
248651,COVISHIELD,VERITY PHARMACEUTICALS INC,CHADOX1-S [RECOMBINANT],Interim Order,Authorized with Conditions,2021-02-26,2021-10-15
246355,TECARTUS,GILEAD SCIENCES CANADA INC,BREXUCABTAGENE AUTOLEUCEL,NDS-NAS,NOC,2021-06-08,2021-10-15
194646,OCTASA,TILLOTTS PHARMA AG,MESALAZINE,NDS,NOC,2021-05-18,2021-09-29
249830,CASIRIVIMAB AND IMDEVIMAB,HOFFMANN-LA ROCHE LIMITED,CASIRIVIMAB|IMDEVIMAB,Interim Order,Authorized with Conditions,2021-06-09,2021-09-17
242373,EVRYSDI,HOFFMANN-LA ROCHE LIMITED,RISDIPLAM,NDS-NAS,NOC,2021-04-14,2021-09-17
244627,VAXZEVRIA,ASTRAZENECA CANADA INC,CHADOX1-S [RECOMBINANT],Interim Order,Authorized with Conditions,2021-02-26,2021-09-15
244906,COMIRNATY,BIONTECH MANUFACTURING GMBH,TOZINAMERAN,Interim Order,Authorized with Conditions,2020-12-09,2021-09-10
224036,ILUMYA,SUN PHARMA GLOBAL FZE,TILDRAKIZUMAB,NDS-NAS,NOC,2021-05-19,2021-09-02
231223,MAR-TREOSULFAN,MARCAN PHARMACEUTICALS INC,TREOSULFAN,NDS,NOD-W,2021-06-29,2021-09-02
239850,TRIFERIC AVNU,ROCKWELL MEDICAL INC,FERRIC PYROPHOSPHATE CITRATE,NDS-NAS,NOC,2021-04-22,2021-08-30
78794,ZOCOR,ORGANON CANADA INC.,SIMVASTATIN,SNDS,NOC,2004-03-23,2021-08-30
189442,ALECENSARO,HOFFMANN-LA ROCHE LIMITED,ALECTINIB,NDS-NAS,NOC,2016-09-29,2021-08-20
184231,BLEXTEN,ARALEZ PHARMACEUTICALS CANADA INC,BILASTINE,NDS,NOC,2016-04-21,2021-08-13
233288,VYEPTI,LUNDBECK CANADA INC,EPTINEZUMAB,NDS-NAS,NOC,2021-01-11,2021-08-13
237287,WAYMADE-TRIENTINE,WAYMADE PLC,TRIENTINE HYDROCHLORIDE,NDS-NAS,NOC,2021-04-20,2021-08-13
242196,DOJOLVI,ULTRAGENYX PHARMACEUTICAL INC,TRIHEPTANOIN,NDS-NAS,NOC,2021-02-15,2021-07-28
79687,LIPITOR,UPJOHN CANADA ULC,ATORVASTATIN CALCIUM,SNDS,NOC,2003-08-25,2021-07-27
246758,JCOVDEN,JANSSEN INC,AD26.COV2.S [RECOMBINANT],Interim Order,Authorized with Conditions,2021-03-05,2021-07-26
239016,VISTASEAL,INSTITUTO GRIFOLS S.A.,FIBRINOGEN (HUMAN),NDS,NOC,2021-03-25,2021-07-21
109522,LESCOL,NOVARTIS PHARMACEUTICALS CANADA INC,FLUVASTATIN,SNDS,NOC,2007-07-30,2021-07-14
237810,TECENTRIQ,HOFFMANN-LA ROCHE LIMITED,ATEZOLIZUMAB,SNDS-c,NOC,2021-03-05,2021-07-14
239719,ZOLGENSMA,NOVARTIS PHARMACEUTICALS CANADA INC,ONASEMNOGENE ABEPARVOVEC,NDS-NAS,NOC,2020-12-16,2021-06-30
242748,BRUKINSA,BEIGENE SWITZERLAND GMBH,ZANUBRUTINIB,NDS-NAS,NOC,2021-03-01,2021-06-25
220998,"SYMBICORT 100,200, FORTE TURBUHALER",ASTRAZENECA CANADA INC,BUDESONIDE|FORMOTEROL FUMARATE DIHYDRATE,SNDS,NOC,2019-09-25,2021-06-23
237337,OPDIVO,BRISTOL-MYERS SQUIBB CANADA,NIVOLUMAB,SNDS-c,NOC,2021-03-01,2021-06-18
52357,PRAVACHOL,BRISTOL-MYERS SQUIBB CANADA,PRAVASTATIN SODIUM,SNDS,NOC,2000-03-02,2021-06-18
221964,AMOXICILLIN SODIUM AND POTASSIUM CLAVULANATE FOR INJECTION,SANDOZ CANADA INCORPORATED,AMOXICILLIN|CLAVULANIC ACID,NDS,NOC,2020-01-28,2021-06-09
235023,INCRELEX,IPSEN BIOPHARMACEUTICALS CANADA INC,MECASERMIN,NDS-NAS,NOC,2020-12-17,2021-06-09
178234,REPATHA,AMGEN CANADA INC,EVOLOCUMAB,NDS-NAS,NOC,2015-09-10,2021-05-28
235471,BAVENCIO,EMD SERONO A DIVISION OF EMD INC CANADA,AVELUMAB,SNDS-c,NOC,2021-01-13,2021-05-27
84847,LESCOL,NOVARTIS PHARMACEUTICALS CANADA INC,FLUVASTATIN,SNDS,NOC,2004-06-08,2021-05-12
227235,VASCEPA,HLS THERAPEUTICS INC,ICOSAPENT ETHYL,NDS-NAS,NOC,2019-12-30,2021-05-12
172688,APO-TENOFOVIR,APOTEX INC,TENOFOVIR DISOPROXIL FUMARATE,ANDS,NOC,2017-07-26,2021-05-07
115209,ZOCOR,MERCK CANADA INC,SIMVASTATIN,SNDS,NOC,2008-05-15,2021-05-07
166949,LANCORA,SERVIER CANADA INC,IVABRADINE HYDROCHLORIDE,NDS-NAS,NOC,2016-12-23,2021-05-03
233292,XENLETA,SUNOVION PHARMACEUTICALS CANADA INC,LEFAMULIN ACETATE,NDS-NAS,NOC,2020-07-10,2021-05-03
161856,ABILIFY MAINTENA,OTSUKA PHARMACEUTICAL CO LTD,ARIPIPRAZOLE,NDS,NOC,2014-02-10,2021-04-23
177129,BELKYRA,"KYTHERA BIOPHARMACEUTICALS, INC.",DEOXYCHOLIC ACID,NDS,NOC,2015-07-24,2021-04-23
232078,TAVALISSE,RIGEL PHARMACEUTICALS INC.,FOSTAMATINIB DISODIUM,NDS,NOC,2020-11-19,2021-04-16
231286,DAYVIGO,EISAI LIMITED,LEMBOREXANT,NDS-NAS,NOC,2020-11-04,2021-04-13
235672,SUPEMTEK,SANOFI PASTEUR LIMITED,RECOMBINANT HAEMAGGLUTININ PROTEIN-STRAIN A(H1N1)|RECOMBINANT HAEMAGGLUTININ PROTEIN-STRAIN A(H3N2)|RECOMBINANT HAEMAGGLUTININ PROTEIN-STRAIN B (VICTORIA),NDS-NAS,NOC,2021-01-14,2021-04-13
117260,ADACEL-POLIO,SANOFI PASTEUR LIMITED,PERTUSSIS TOXOID|FILAMENTOUS HAEMAGGLUTININ|FILAMENTOUS HAEMAGGLUTININ|PERTACTIN|TETANUS TOXOID|DIPHTHERIA TOXOID|INACTIVATED POLIOMYELITIS VACCINE (V.C.O.) TYPE 1 MAHONEY|INACTIVATED POLIOMYELITIS VACCINE (D.C.O.) TYPE 2 MEF1|INACTIVATED POLIOMYELITIS VACCINE (V.C.O.) TYPE 3 SAUKETT,NDS,NOC,2010-05-21,2021-04-01
239943,CORZYNA,KYE PHARMACEUTICALS INC,RANOLAZINE,NDS-NAS,NOC,2020-12-31,2021-04-01
70221,LIPITOR,UPJOHN CANADA ULC,ATORVASTATIN CALCIUM,SNDS,NOC,2002-02-19,2021-03-26
232761,ZEPOSIA,CELGENE INC,OZANIMOD,NDS-NAS,NOC,2020-10-02,2021-03-26
233053,OPDIVO,BRISTOL-MYERS SQUIBB CANADA,NIVOLUMAB,SNDS-c,NOC,2020-09-18,2021-03-08
244946,SPIKEVAX,"MODERNATX, INC.",ELASOMERAN,Interim Order,Authorized with Conditions,2020-12-23,2021-03-02
225793,DAURISMO,PFIZER CANADA ULC,GLASDEGIB,NDS-NAS,NOC,2020-04-28,2021-03-01
232449,TISSUEBLUE,DUTCH OPHTHALMIC RESEARCH CENTER INTERNATIONAL BV,BRILLIANT BLUE G,NDS-NAS,NOC,2021-01-15,2021-03-01
237194,GIVLAARI,ALNYLAM NETHERLANDS B.V.,GIVOSIRAN,NDS-NAS,NOC,2020-10-09,2021-02-26
165043,SOVALDI,GILEAD SCIENCES CANADA INC,SOFOSBUVIR,NDS-NAS,NOC,2013-12-13,2021-02-12
200964,SUBOXONE,INDIVIOR UK LIMITED,BUPRENORPHINE HYDROCHLORIDE|NALOXONE HYDROCHLORIDE DIHYDRATE,SNDS,NOC,2017-09-01,2021-02-12
233097,LUXTURNA,NOVARTIS PHARMACEUTICALS CANADA INC,VORETIGENE NEPARVOVEC,NDS-NAS,NOC,2020-10-13,2021-02-10
59686,LESCOL,NOVARTIS PHARMACEUTICALS CANADA INC,FLUVASTATIN,SNDS,NOC,1999-11-17,2021-02-09
40734,PRAVACHOL,BRISTOL-MYERS SQUIBB CANADA,PRAVASTATIN SODIUM,SNDS,NOC,1997-10-17,2021-02-09
244947,BAMLANIVIMAB,ELI LILLY CANADA INC,BAMLANIVIMAB,Interim Order,Authorized with Conditions,2020-11-20,2021-01-04
229866,INREBIC,CELGENE INC,FEDRATINIB HYDROCHLORIDE,NDS-NAS,NOC,2020-07-27,2021-01-04
182955,APO-DASATINIB,APOTEX INC,DASATINIB,ANDS,NOC,2019-11-28,2020-12-24
214504,CALQUENCE,ASTRAZENECA CANADA INC,ACALABRUTINIB,NDS-NAS,NOC,2019-08-23,2020-12-24
128381,CRESTOR,ASTRAZENECA CANADA INC,ROSUVASTATIN CALCIUM,SNDS,NOC,2010-03-11,2020-12-24
228708,MAR-TRIENTINE,MARCAN PHARMACEUTICALS INC,TRIENTINE HYDROCHLORIDE,NDS-NAS,NOC,2020-09-14,2020-12-24
37683,OXYCONTIN,PURDUE PHARMA,OXYCODONE HYDROCHLORIDE,NDS,NOC,2009-05-01,2020-12-24
130665,ZOCOR,MERCK CANADA INC,SIMVASTATIN,SNDS,NOC,2010-07-20,2020-12-18
226146,NUBEQA,BAYER INC,DAROLUTAMIDE,NDS-NAS,NOC,2020-02-20,2020-12-11
228368,VYNDAQEL,PFIZER CANADA ULC,TAFAMIDIS MEGLUMINE,NDS-NAS,NOC,2020-01-20,2020-12-11
234655,RUZURGI,MEDUNIK CANADA,AMIFAMPRIDINE,NDS-NAS,NOC,2021-06-24,2020-11-30
233642,ENSPRYNG,HOFFMANN-LA ROCHE LIMITED,SATRALIZUMAB,NDS-NAS,NOC,2020-06-01,2020-11-27
232685,FIRDAPSE,CATALYST PHARMACEUTICALS INC,AMIFAMPRIDINE,NDS-NAS,NOC,2020-07-31,2020-11-27
234688,QINLOCK,DECIPHERA PHARMACEUTICALS LLC,RIPRETINIB,NDS-NAS,NOC,2020-06-19,2020-11-27
215288,TRULANCE,CIPHER PHARMACEUTICALS INC,PLECANATIDE,NDS-NAS,NOC,2019-10-10,2020-11-20
219998,VITRAKVI,BAYER INC,LAROTRECTINIB,NDS-NAS,NOC,2019-07-10,2020-11-20
229407,ODOMZO,SUN PHARMA GLOBAL FZE,SONIDEGIB,NDS-NAS,NOC,2020-06-12,2020-11-13
226941,PIQRAY,NOVARTIS PHARMACEUTICALS CANADA INC,ALPELISIB,NDS-NAS,NOC,2020-03-13,2020-11-13
232303,POLIVY,HOFFMANN-LA ROCHE LIMITED,POLATUZUMAB VEDOTIN,NDS-NAS,NOC,2020-07-09,2020-11-13
234610,INQOVI,OTSUKA PHARMACEUTICAL CO LTD,CEDAZURIDINE|DECITABINE,NDS-NAS,NOC,2020-07-07,2020-11-04
49319,LESCOL,NOVARTIS PHARMACEUTICALS CANADA INC,FLUVASTATIN,SNDS,NOC,1998-03-06,2020-11-04
59644,LIPITOR,UPJOHN CANADA ULC,ATORVASTATIN CALCIUM,SNDS,NOC,2000-06-16,2020-11-04
240551,VEKLURY,GILEAD SCIENCES CANADA INC,REMDESIVIR,NDS-NAS,NOC,2020-07-27,2020-10-30
226828,AJOVY,TEVA CANADA LIMITED,FREMANEZUMAB,NDS-NAS,NOC,2020-04-09,2020-10-23
223225,MAYZENT,NOVARTIS PHARMACEUTICALS CANADA INC,SIPONIMOD,NDS-NAS,NOC,2020-02-20,2020-10-23
229061,STRENSIQ,ALEXION PHARMA GMBH,ASFOTASE ALFA,SNDS-c,NOC,2020-05-26,2020-10-23
231245,TOMVI,STERIMAX INC,ETOMIDATE,NDS-NAS,NOC,2020-07-15,2020-10-23
227918,XOSPATA,ASTELLAS PHARMA CANADA INC,GILTERITINIB FUMARATE,NDS-NAS,NOC,2019-12-23,2020-10-23
235295,TUKYSA,SEATTLE GENETICS INC,TUCATINIB,NDS-NAS,NOC,2020-06-05,2020-10-09
226224,BEOVU,NOVARTIS PHARMACEUTICALS CANADA INC,BROLUCIZUMAB,NDS-NAS,NOC,2020-03-12,2020-10-02
224850,IBSRELA,KNIGHT THERAPEUTICS INC.,TENAPANOR,NDS-NAS,NOC,2020-04-15,2020-10-02
26926,PRAVACHOL,BRISTOL-MYERS SQUIBB CANADA,PRAVASTATIN SODIUM,SNDS,NOC,1995-07-07,2020-10-02
217798,TECENTRIQ,HOFFMANN-LA ROCHE LIMITED,ATEZOLIZUMAB,SNDS-c,NOC,2020-05-20,2020-09-29
227315,"CABENUVA, VOCABRIA",VIIV HEALTHCARE ULC,RILPIVIRINE|CABOTEGRAVIR,NDS-NAS,NOC,2020-03-18,2020-09-25
227804,GALLIAPHARM,ECKERT & ZIEGLER RADIOPHARMA GMBH,GERMANIUM (68GE) CHLORIDE|GALLIUM (68GA) CHLORIDE,NDS-NAS,NOC,2020-08-21,2020-09-25
228378,ADCETRIS,SEATTLE GENETICS INC,BRENTUXIMAB VEDOTIN,SNDS-c,NOC,2020-05-13,2020-09-11
13595,ZOCOR,MERCK CANADA INC,SIMVASTATIN,NDS,NOC,1990-08-29,2020-09-11
229245,SARCLISA,SANOFI-AVENTIS CANADA INC,ISATUXIMAB,NDS-NAS,NOC,2020-04-29,2020-09-04
229315,ZYDELIG,GILEAD SCIENCES CANADA INC,IDELALISIB,SNDS-c,NOC,2020-04-21,2020-08-25
223091,MYLOTARG,PFIZER CANADA ULC,GEMTUZUMAB OZOGAMICIN,NDS-NAS,NOC,2019-11-28,2020-08-14
173180,HARVONI,GILEAD SCIENCES CANADA INC,LEDIPASVIR|SOFOSBUVIR,NDS-NAS,NOC,2014-10-15,2020-07-31
230001,CABLIVI,SANOFI-AVENTIS CANADA INC,CAPLACIZUMAB,NDS-NAS,NOC,2020-02-28,2020-07-27
166314,ESBRIET,HOFFMANN-LA ROCHE LIMITED,PIRFENIDONE,SNDS,NOC,2014-07-10,2020-07-27
52052,PRIORIX,GLAXOSMITHKLINE INC,"MEASLES VIRUS VACCINE LIVE ATTENUATED	1000 UNIT / 0.5 ML|MUMPS VIRUS VACCINE LIVE ATTENUATED (JERYL LYNN STRAIN)	10000 UNIT / 0.5 ML|RUBELLA VIRUS VACCINE LIVE ATTENUATED (WISTAR RA27/3 STRAIN)	1000 UNIT / 0.5 ML|WATER	0.5 ML",NDS,NOC,1998-12-04,2020-07-27
69734,INFANRIX HEXA,GLAXOSMITHKLINE INC,"DIPHTHERIA TOXOID	25 LF / 0.5 ML|FILAMENTOUS HAEMAGGLUTININ	25 MCG / 0.5 ML|HAEMOPHILUS INFLUENZAE TYPE B-PRP	10 MCG / 0.5 ML|HEPATITIS B SURFACE ANTIGEN (RECOMBINANT)	10 MCG / 0.5 ML|INACTIVATED POLIOVIRUS TYPE I	40 UNIT / 0.5 ML|INACTIVATED POLIOVIRUS TYPE II	8 UNIT / 0.5 ML|INACTIVATED POLIOVIRUS TYPE III	32 UNIT / 0.5 ML|PERTACTIN	8 MCG / 0.5 ML|PERTUSSIS TOXOID	25 MCG / 0.5 ML|TETANUS TOXOID	10 LF / 0.5 ML|TETANUS TOXOID ADSORBED	40 MCG / 0.5 ML",NDS,NOC,2004-05-28,2020-07-24
0HN831456,PROZAC,ELI LILLY CANADA INC,FLUOXETINE,NDS,NOC,1988-11-30,2020-07-17
225174,ATRIANCE,NOVARTIS PHARMACEUTICALS CANADA INC,NELARABINE,SNDS-c,NOC,2020-02-22,2020-07-02
221945,AKLIEF,GALDERMA CANADA INC,TRIFAROTENE,NDS-NAS,NOC,2019-11-25,2020-06-26
5HN884466A,PRAVACHOL,BRISTOL-MYERS SQUIBB CANADA,PRAVASTATIN SODIUM,SNDS,NOC,1996-06-07,2020-06-26
173980,GARDASIL,MERCK CANADA INC,RECOMBINANT HUMAN PAPILLOMAVIRUS TYPE 6 L1 PROTEIN|RECOMBINANT HUMAN PAPILLOMAVIRUS TYPE 11 L1 PROTEIN|RECOMBINANT HUMAN PAPILLOMAVIRUS TYPE 16 L1 PROTEIN|RECOMBINANT HUMAN PAPILLOMAVIRUS TYPE 18 L1 PROTEIN,SNDS,NOC,2015-03-10,2020-06-19
193080,GARDASIL 9,MERCK CANADA INC,RECOMBINANT HUMAN PAPILLOMAVIRUS TYPE 6 L1 PROTEIN|RECOMBINANT HUMAN PAPILLOMAVIRUS TYPE 11 L1 PROTEIN|RECOMBINANT HUMAN PAPILLOMAVIRUS TYPE 16 L1 PROTEIN|RECOMBINANT HUMAN PAPILLOMAVIRUS TYPE 18 L1 PROTEIN|RECOMBINANT HUMAN PAPILLOMAVIRUS TYPE 31 L1 PROTEIN|RECOMBINANT HUMAN PAPILLOMAVIRUS TYPE 33 L1 PROTEIN|RECOMBINANT HUMAN PAPILLOMAVIRUS TYPE 45 L1 PROTEIN|RECOMBINANT HUMAN PAPILLOMAVIRUS TYPE 52 L1 PROTEIN|RECOMBINANT HUMAN PAPILLOMAVIRUS TYPE 58 L1 PROTEIN,SNDS,NOC,2016-12-15,2020-06-19
227517,ROZLYTREK,HOFFMANN-LA ROCHE LIMITED,ENTRECTINIB,NDS-NAS,NOC,2020-02-10,2020-06-19
224252,VENCLEXTA,ABBVIE CORPORATION,VENETOCLAX,SNDS-c,NOC,2020-01-13,2020-06-19
227361,XOFLUZA,HOFFMANN-LA ROCHE LIMITED,BALOXAVIR MARBOXIL,NDS-NAS,NOC,2020-02-19,2020-06-19
223734,RINVOQ,ABBVIE CORPORATION,UPADACITINIB,NDS-NAS,NOC,2019-12-23,2020-06-15
198822,INTRAROSA,ENDOCEUTICS INC,PRASTERONE,NDS-NAS,NOC,2019-11-01,2020-06-12
207694,SATIVEX,GW PHARMA LIMITED,DELTA-9-TETRAHYDROCANNABINOL |CANNABIDIOL,SNDS-c,NOC,2019-12-12,2020-06-05
890476,EPREX,JANSSEN INC,EPOETIN ALFA,NDS,NOC,1990-02-16,2020-05-29
187330,FOQUEST,PURDUE PHARMA,METHYLPHENIDATE HCL,NDS,NOC,2017-12-06,2020-05-29
222188,IMFINZI,ASTRAZENECA CANADA INC,DURVALUMAB,SNDS-c,NOC,2019-08-23,2020-05-15
218878,ADCETRIS,SEATTLE GENETICS INC,BRENTUXIMAB VEDOTIN,SNDS-c,NOC,2019-07-17,2020-05-08
213698,KYMRIAH,NOVARTIS PHARMACEUTICALS CANADA INC,TISAGENLECLEUCEL,NDS,NOC,2018-09-05,2020-05-01
218389,YESCARTA,GILEAD SCIENCES CANADA INC,AXICABTAGENE CILOLEUCEL,NDS,NOC,2019-02-13,2020-04-27
219521,EMGALITY,ELI LILLY CANADA INC,GALCANEZUMAB,NDS-NAS,NOC,2019-07-30,2020-04-24
128554,FORTEO,ELI LILLY CANADA INC,TERIPARATIDE,SNDS,NOC,2010-02-09,2020-04-24
220584,TALZENNA,PFIZER CANADA ULC,TALAZOPARIB,NDS-NAS,NOC,2019-09-06,2020-03-20
191494,FIASP,NOVO NORDISK CANADA INC,INSULIN ASPART,NDS,NOC,2017-01-06,2020-03-17
225974,BAVENCIO,EMD SERONO A DIVISION OF EMD INC CANADA,AVELUMAB,SNDS-c,NOC,2019-11-06,2020-03-11
52906,LIPITOR,PFIZER CANADA ULC,ATORVASTATIN,SNDS,NOC,1999-01-12,2020-03-09
224529,BALVERSA,JANSSEN INC,ERDAFITINB,NDS-NAS,NOC,2019-10-25,2020-02-27
39560,LESCOL XL,NOVARTIS PHARMACEUTICALS CANADA INC,FLUVASTATIN,SNDS,NOC,1996-05-31,2020-02-27
217955,ULTOMIRIS,ALEXION PHARMA GMBH,RAVULIZUMAB,NDS-NAS,NOC,2019-08-28,2020-02-18
216792,ZEJULA,GLAXOSMITHKLINE INC,NIRAPARIB,NDS-NAS,NOC,2019-06-27,2020-02-18
207038,REPATHA,AMGEN CANADA INC,EVOLOCUMAB,SNDS,NOC,2018-06-05,2020-02-10
5HN884466,PRAVACHOL,BRISTOL-MYERS SQUIBB CANADA,PRAVASTATIN SODIUM,NDS,NOC,1990-08-29,2020-01-31
218799,LOKELMA,ASTRAZENECA CANADA INC,SODIUM ZIRCONIUM CYCLOSILICATE,NDS-NAS,NOC,2019-07-25,2020-01-28
91289,SATIVEX,GW PHARMA LIMITED,DELTA-9-TETRAHYDROCANNABINOL |CANNABIDIOL,NDS,NOC,2005-06-22,2020-01-28
220544,KEYTRUDA,MERCK CANADA INC,PEMBROLIZUMAB,SNDS-c,NOC,2019-09-10,2020-01-27
35944,ZOCOR,MERCK CANADA INC,SIMVASTATIN,SNDS,NOC,1996-04-19,2020-01-27
221896,ONPATTRO,ALNYLAM NETHERLANDS B.V.,PATISIRAN (PATISIRAN SODIUM),NDS-NAS,NOC,2019-06-07,2020-01-10
9HN841385,SEROPHENE,EMD SERONO A DIVISION OF EMD INC CANADA,"CLOMIPHENE CITRATE	50 MG",NDS,NOC,1985-06-14,2020-01-10
1478A,FLAGYL,SANOFI-AVENTIS CANADA INC,METRONIDAZOLE,SNDS,NOC,1960-03-04,2019-12-30
191347,PROCYSBI,HORIZON THERAPEUTICS IRELAND DAC,CYSTEAMINE BITARTRATE,NDS,NOC,2017-06-13,2019-12-13
141379,OXYNEO,PURDUE PHARMA,OXYCODONE HYDROCHLORIDE,NDS,NOC,2011-08-22,2019-12-12
218531,ESPEROCT,NOVO NORDISK CANADA INC,"ANTIHEMOPHILIC FACTOR VIII (RECOMBINANT, B-DOMAIN TRUNCATED), PEGYLATED",NDS-NAS,NOC,2019-07-04,2019-11-15
218224,NERLYNX,PUMA BIOTECHNOLOGY INC,NERATINIB MALEATE,NDS-NAS,NOC,2019-07-16,2019-11-15
197713,EVENITY,AMGEN CANADA INC,ROMOSOZUMAB,NDS-NAS,NOC,2019-06-17,2019-11-06
133531,ZOCOR,MERCK CANADA INC,SIMVASTATIN,SNDS,NOC,2010-06-14,2019-11-06
44103,LIPITOR,PFIZER CANADA ULC,ATORVASTATIN CALCIUM,NDS,NOC,1997-02-19,2019-11-01
130015,CRESTOR,ASTRAZENECA CANADA INC,ROSUVASTATIN CALCIUM,SNDS,NOC,2010-04-29,2019-10-25
4HN922968,LESCOL,NOVARTIS PHARMACEUTICALS CANADA INC,FLUVASTATIN,NDS,NOC,2004-03-22,2019-10-25
218346,NETSPOT,"ADVANCED ACCELERATOR APPLICATIONS USA, INC.",GALLIUM GA 68 DOTATATE,NDS-NAS,NOC,2019-07-03,2019-10-15
217596,BAVENCIO,EMD SERONO A DIVISION OF EMD INC CANADA,AVELUMAB,SNDS-c,NOC,2019-05-14,2019-09-16
218718,LIBTAYO,SANOFI-AVENTIS CANADA INC,CEMIPLIMAB,NDS-NAS,NOC,2019-04-10,2019-08-23
215753,SKYRIZI,ABBVIE CORPORATION,RISANKIZUMAB,NDS-NAS,NOC,2019-04-17,2019-08-16
192462,TIVICAY,VIIV HEALTHCARE ULC,DOLUTEGRAVIR,SNDS,NOC,2017-02-03,2019-08-12
207076,TIVICAY,VIIV HEALTHCARE ULC,DOLUTEGRAVIR,NDS,NOC,2018-05-22,2019-08-12
215268,VERZENIO,ELI LILLY CANADA INC,ABEMACICLIB,NDS-NAS,NOC,2019-04-05,2019-08-12
152251,PROQUAD,MERCK CANADA INC,VARICELLA ZOSTER VIRUS|MEASLES VIRUS VACCINE LIVE ATTENUATED|MUMPS VIRUS VACCINE LIVE ATTENUATED|JERYL LYNN STRAIN |RUBELLA VIRUS VACCINE LIVE ATTENUATED|WISTAR RA27/3 STRAIN,NDS,NOC,2012-12-21,2019-08-02
153849,ESBRIET,HOFFMANN-LA ROCHE LIMITED,PIRFENIDONE,NDS,NOC,2017-06-02,2019-07-11
187648,DARZALEX,JANSSEN INC,DARATUMUMAB,NDS-NAS,NOC,2016-06-29,2019-07-09
192454,ODEFSEY,GILEAD SCIENCES CANADA INC,EMTRICITABINE|RILPIVIRINE HYDROCHLORIDE|TENOFOVIR ALAFENAMIDE,NDS,NOC,2017-02-10,2019-07-09
190891,AFSTYLA,CSL BEHRING CANADA INC,LONOCTOCOG ALPHA,NDS-NAS,NOC,2016-12-12,2019-02-28
263924,IMMUNINE VH,TAKEDA CANADA INC,COAGULATION FACTOR IX (HUMAN),SNDS,NOC,2023-04-18,2023-10-10
192684,REXULTI,OTSUKA PHARMACEUTICAL CO LTD,BREXPIPRAZOLE,NDS-NAS,NOC,2017-02-16,2023-10-10
242419,REXULTI,OTSUKA PHARMACEUTICAL CO LTD,BREXPIPRAZOLE,SNDS,NOC,2020-12-22,2023-10-10
258772,CAMZYOS,BRISTOL-MYERS SQUIBB CANADA,MAVACAMTEN,NDS-NAS,NOC,2022-11-08,2023-10-10
251360,MYXREDLIN,BAXTER CORPORATION,HUMAN INSULIN (RECOMBINANT),NDS,NOC,2022-08-03,2023-11-01
258231,KERENDIA,BAYER INC,FINERENONE,NDS-NAS,NOC,2022-10-14,2023-11-01
212427,PMS-IRON SUCROSE,PHARMASCIENCE INC,IRON SUCROSE,ANDS,NOC,2020-07-30,2023-11-10
273747,SPIKEVAX BIVALENT ORIGINAL / OMICRON BA.4/5,MODERNA BIOPHARMA CANADA CORPORATION,ELASOMERAN|DAVESOMERAN,SNDS,NOC,2023-05-18,2023-11-10
263638,LOCAMETZ,"ADVANCED ACCELERATOR APPLICATIONS USA, INC.",GALLIUM (68GA) GOZETOTIDE,NDS-NAS,NOC,2023-04-05,2023-11-10
244611,LYUMJEV,ELI LILLY CANADA INC,INSULIN LISPRO,NDS,NOC,2021-09-14,2023-11-10
175884,KEYTRUDA,MERCK CANADA INC,PEMBROLIZUMAB,NDS-NAS,NOC,2015-05-19,2023-11-10
264582,XELJANZ,PFIZER CANADA ULC,TOFACITINIB CITRATE,SNDS,NOC,2023-05-12,2023-11-10
